wind_direction,personnel_count,gas_type,explosion_risk,leakage_amount,zone_1,zone_2,zone_3,zone_4,zone_5,zone_6,zone_7,zone_8,zone_9
Юг,674,Метан,Высокая,76,1,1,2,2,2,2,2,2,2
Запад,823,Пропан,Средняя,60,2,1,2,2,1,2,2,1,1
Север,320,Метан,Средняя,49,2,1,2,1,1,1,0,1,0
Запад,232,Хлор,Низкая,45,2,1,2,2,1,2,2,1,2
Юг,680,Аммиак,Средняя,13,1,1,1,1,1,1,2,2,2
Юг,602,Аммиак,Средняя,60,1,1,2,2,1,2,2,2,2
Север,892,Хлор,Средняя,77,2,2,2,2,2,2,2,2,2
Север,67,Хлор,Низкая,59,2,2,2,2,2,2,2,2,2
Юг,568,Аммиак,Низкая,47,1,1,1,1,1,1,2,1,2
Юг,357,Метан,Высокая,55,1,1,2,2,2,2,2,2,2
Юг,46,Пропан,Низкая,82,1,1,2,2,1,2,2,2,2
Восток,372,Метан,Средняя,8,0,0,2,0,0,2,0,0,2
Юг,917,Пропан,Высокая,21,1,1,1,1,1,2,2,1,2
Восток,823,Пропан,Низкая,91,1,1,2,2,1,2,2,1,2
Юг,628,Пропан,Средняя,69,1,1,2,2,1,2,2,2,2
Запад,38,Хлор,Высокая,99,2,2,2,2,2,2,2,2,2
Восток,428,Метан,Высокая,67,0,0,2,2,2,2,2,0,2
Запад,407,Аммиак,Низкая,88,2,0,2,2,0,2,2,0,0
Юг,380,Пропан,Низкая,29,1,1,1,1,1,0,2,1,2
Север,340,Пропан,Средняя,30,2,1,2,1,1,1,0,1,0
Восток,679,Аммиак,Низкая,29,1,1,2,1,1,2,1,1,2
Юг,184,Хлор,Средняя,93,2,2,2,2,2,2,2,2,2
Запад,359,Пропан,Высокая,18,2,1,1,2,2,2,2,0,0
Восток,122,Аммиак,Низкая,61,0,0,2,2,0,2,2,0,2
Юг,864,Хлор,Низкая,30,2,1,2,2,1,2,2,1,2
Север,54,Аммиак,Высокая,79,2,2,2,2,2,2,2,0,0
Восток,503,Хлор,Высокая,83,2,2,2,2,2,2,2,2,2
Запад,147,Аммиак,Низкая,53,2,0,2,2,0,2,2,0,0
Запад,259,Метан,Низкая,26,2,1,0,2,1,0,2,1,0
Запад,224,Аммиак,Низкая,66,2,0,2,2,0,2,2,0,0
Восток,536,Хлор,Высокая,13,2,2,2,2,2,2,2,2,2
Запад,533,Пропан,Низкая,7,2,1,1,2,1,1,2,1,1
Юг,514,Хлор,Средняя,62,2,2,2,2,2,2,2,2,2
Восток,295,Аммиак,Средняя,14,0,0,2,0,0,2,0,0,2
Запад,779,Хлор,Низкая,81,2,2,2,2,2,2,2,2,2
Восток,224,Метан,Средняя,79,0,0,2,2,0,2,2,0,2
Север,669,Метан,Высокая,95,2,2,2,2,2,2,2,1,1
Юг,962,Пропан,Средняя,1,1,1,1,1,1,1,2,2,2
Запад,38,Пропан,Низкая,9,2,1,1,2,1,0,2,0,0
Восток,261,Аммиак,Средняя,8,0,0,2,0,0,2,0,0,2
Юг,244,Пропан,Низкая,27,1,1,1,1,1,0,2,1,2
Восток,741,Аммиак,Высокая,48,1,1,2,1,1,2,2,1,2
Юг,708,Метан,Низкая,70,1,1,2,2,1,2,2,2,2
Восток,916,Хлор,Средняя,81,2,2,2,2,2,2,2,2,2
Запад,260,Хлор,Средняя,69,2,2,2,2,2,2,2,2,2
Юг,791,Аммиак,Низкая,23,1,1,1,1,1,1,2,1,2
Юг,461,Метан,Средняя,83,1,1,2,2,0,2,2,2,2
Восток,115,Аммиак,Высокая,88,0,0,2,2,2,2,2,0,2
Север,801,Метан,Высокая,16,2,2,2,1,2,2,2,1,1
Запад,246,Пропан,Низкая,59,2,1,2,2,1,2,2,0,0
Юг,616,Пропан,Низкая,74,1,1,2,2,1,2,2,2,2
Юг,147,Хлор,Средняя,55,2,2,2,2,2,2,2,2,2
Север,393,Аммиак,Высокая,13,2,2,2,1,2,2,2,0,0
Север,617,Хлор,Высокая,2,2,2,2,2,2,2,2,2,2
Север,317,Хлор,Высокая,39,2,1,2,2,1,2,2,1,2
Юг,688,Аммиак,Средняя,8,1,1,1,1,1,1,2,2,2
Запад,675,Аммиак,Средняя,84,2,1,2,2,1,2,2,1,1
Север,899,Пропан,Средняя,61,2,2,2,2,1,2,2,1,1
Запад,603,Хлор,Средняя,99,2,2,2,2,2,2,2,2,2
Запад,400,Аммиак,Высокая,84,2,0,2,2,2,2,2,0,0
Юг,208,Хлор,Низкая,36,2,1,2,2,1,2,2,1,2
Запад,727,Пропан,Низкая,100,2,1,2,2,1,2,2,1,1
Север,42,Хлор,Низкая,20,2,2,2,2,2,2,2,2,2
Восток,647,Хлор,Высокая,5,2,2,2,2,2,2,2,2,2
Север,368,Хлор,Высокая,44,2,1,2,2,1,2,2,1,2
Запад,453,Аммиак,Средняя,15,2,0,0,2,0,0,2,0,0
Запад,262,Метан,Средняя,27,2,1,0,2,1,0,2,1,0
Восток,333,Пропан,Высокая,99,1,1,2,2,2,2,2,0,2
Восток,281,Пропан,Средняя,93,1,1,2,2,1,2,2,0,2
Север,136,Хлор,Низкая,45,2,1,2,2,1,2,2,1,2
Запад,261,Хлор,Высокая,1,2,2,2,2,2,2,2,2,2
Юг,505,Метан,Средняя,20,1,1,1,1,1,1,2,2,2
Север,793,Аммиак,Низкая,24,2,1,2,1,1,1,1,1,1
Юг,746,Метан,Высокая,76,1,1,2,2,2,2,2,2,2
Юг,897,Аммиак,Средняя,67,1,1,2,2,1,2,2,2,2
Восток,603,Метан,Средняя,16,1,1,2,1,1,2,1,1,2
Юг,362,Хлор,Средняя,66,2,2,2,2,2,2,2,2,2
Север,485,Хлор,Высокая,33,2,1,2,2,1,2,2,1,2
Запад,262,Пропан,Низкая,64,2,1,2,2,1,2,2,0,0
Восток,563,Метан,Высокая,11,1,1,2,1,2,2,2,1,2
Запад,678,Аммиак,Низкая,97,2,1,2,2,1,2,2,1,1
Запад,576,Аммиак,Средняя,40,2,1,1,2,1,1,2,1,1
Юг,329,Аммиак,Низкая,78,1,1,2,2,0,2,2,2,2
Юг,436,Хлор,Средняя,2,2,2,2,2,2,2,2,2,2
Восток,193,Пропан,Средняя,30,1,1,2,1,1,2,0,1,2
Запад,910,Хлор,Высокая,92,2,2,2,2,2,2,2,2,2
Запад,207,Пропан,Высокая,70,2,1,2,2,2,2,2,0,0
Север,120,Метан,Высокая,39,2,1,2,1,1,2,2,1,0
Юг,698,Аммиак,Средняя,31,1,1,1,1,1,1,2,1,2
Восток,103,Пропан,Средняя,87,1,1,2,2,1,2,2,0,2
Восток,701,Метан,Высокая,11,1,1,2,1,2,2,2,1,2
Запад,95,Хлор,Средняя,82,2,2,2,2,2,2,2,2,2
Запад,837,Хлор,Средняя,37,2,1,2,2,1,2,2,1,2
Запад,232,Метан,Высокая,47,2,1,0,2,1,2,2,1,0
Север,10,Метан,Высокая,16,2,2,2,1,2,2,2,0,0
Север,730,Пропан,Высокая,81,2,2,2,2,2,2,2,1,1
Север,570,Хлор,Средняя,50,2,1,2,2,1,2,2,1,2
Юг,114,Хлор,Высокая,93,2,2,2,2,2,2,2,2,2
Север,17,Метан,Высокая,40,2,1,2,1,1,2,2,1,0
Юг,381,Метан,Низкая,55,1,1,2,2,0,2,2,2,2
Запад,504,Метан,Низкая,16,2,1,1,2,1,1,2,1,1
Восток,816,Метан,Средняя,60,1,1,2,2,1,2,2,1,2
Восток,620,Аммиак,Средняя,27,1,1,2,1,1,2,1,1,2
Восток,720,Метан,Высокая,90,1,1,2,2,2,2,2,1,2
Восток,832,Метан,Низкая,84,1,1,2,2,1,2,2,1,2
Юг,814,Метан,Высокая,56,1,1,2,2,2,2,2,2,2
Юг,585,Хлор,Средняя,23,2,1,2,2,1,2,2,1,2
Север,684,Хлор,Низкая,9,2,2,2,2,2,2,2,2,2
Север,326,Хлор,Средняя,79,2,2,2,2,2,2,2,2,2
Север,809,Метан,Низкая,84,2,2,2,2,1,2,2,1,1
Юг,493,Метан,Средняя,31,1,1,1,0,1,0,2,1,2
Восток,625,Хлор,Высокая,45,2,1,2,2,1,2,2,1,2
Запад,638,Пропан,Высокая,11,2,1,1,2,2,2,2,1,1
Восток,222,Аммиак,Высокая,94,0,0,2,2,2,2,2,0,2
Восток,62,Метан,Низкая,80,0,0,2,2,0,2,2,0,2
Север,767,Метан,Высокая,90,2,2,2,2,2,2,2,1,1
Запад,68,Пропан,Высокая,73,2,1,2,2,2,2,2,0,0
Север,340,Аммиак,Низкая,45,2,1,2,1,1,1,0,1,0
Восток,353,Метан,Высокая,37,0,1,2,0,1,2,2,1,2
Юг,28,Метан,Средняя,45,1,1,1,0,1,0,2,1,2
Запад,221,Пропан,Высокая,62,2,1,2,2,2,2,2,0,0
Юг,133,Пропан,Высокая,82,1,1,2,2,2,2,2,2,2
Юг,331,Аммиак,Средняя,82,1,1,2,2,0,2,2,2,2
Восток,673,Метан,Высокая,73,1,1,2,2,2,2,2,1,2
Север,419,Метан,Высокая,54,2,2,2,2,2,2,2,0,0
Юг,490,Хлор,Низкая,15,2,2,2,2,2,2,2,2,2
Запад,627,Пропан,Средняя,25,2,1,1,2,1,1,2,1,1
Север,961,Аммиак,Низкая,72,2,2,2,2,1,2,2,1,1
Юг,744,Аммиак,Низкая,16,1,1,1,1,1,1,2,2,2
Запад,92,Хлор,Средняя,100,2,2,2,2,2,2,2,2,2
Север,17,Пропан,Средняя,50,2,1,2,1,1,1,0,1,0
Юг,107,Пропан,Высокая,63,1,1,2,2,2,2,2,2,2
Юг,800,Пропан,Средняя,41,1,1,1,1,1,1,2,1,2
Север,849,Аммиак,Высокая,71,2,2,2,2,2,2,2,1,1
Север,705,Хлор,Низкая,83,2,2,2,2,2,2,2,2,2
Запад,464,Пропан,Низкая,96,2,1,2,2,1,2,2,0,0
Север,660,Метан,Средняя,70,2,2,2,2,1,2,2,1,1
Юг,14,Пропан,Низкая,3,1,1,1,1,1,0,2,2,2
Юг,195,Пропан,Средняя,8,1,1,1,1,1,0,2,2,2
Север,373,Хлор,Средняя,68,2,2,2,2,2,2,2,2,2
Юг,76,Метан,Средняя,11,1,1,1,0,0,0,2,2,2
Восток,449,Пропан,Высокая,37,1,1,2,1,1,2,2,1,2
Восток,117,Метан,Высокая,90,0,0,2,2,2,2,2,0,2
Север,564,Пропан,Высокая,91,2,2,2,2,2,2,2,1,1
Север,814,Пропан,Средняя,56,2,2,2,2,1,2,2,1,1
Восток,799,Хлор,Низкая,34,2,1,2,2,1,2,2,1,2
Запад,982,Пропан,Высокая,30,2,1,1,2,1,2,2,1,1
Север,183,Хлор,Средняя,94,2,2,2,2,2,2,2,2,2
Север,662,Хлор,Средняя,81,2,2,2,2,2,2,2,2,2
Север,414,Метан,Средняя,34,2,1,2,1,1,1,0,1,0
Запад,837,Метан,Высокая,28,2,1,1,2,1,2,2,1,1
Юг,306,Аммиак,Средняя,30,1,1,1,0,1,0,2,1,2
Север,695,Пропан,Высокая,49,2,1,2,1,1,2,2,1,1
Север,893,Аммиак,Низкая,55,2,2,2,2,1,2,2,1,1
Юг,47,Аммиак,Низкая,92,1,1,2,2,0,2,2,2,2
Север,312,Хлор,Средняя,63,2,2,2,2,2,2,2,2,2
Юг,708,Хлор,Низкая,16,2,2,2,2,2,2,2,2,2
Запад,46,Аммиак,Низкая,57,2,0,2,2,0,2,2,0,0
Запад,361,Хлор,Средняя,76,2,2,2,2,2,2,2,2,2
Юг,118,Пропан,Средняя,45,1,1,1,1,1,0,2,1,2
Восток,677,Аммиак,Средняя,55,1,1,2,2,1,2,2,1,2
Юг,73,Хлор,Средняя,31,2,1,2,2,1,2,2,1,2
Юг,198,Пропан,Высокая,80,1,1,2,2,2,2,2,2,2
Север,586,Пропан,Низкая,16,2,2,2,1,1,1,1,1,1
Запад,599,Хлор,Высокая,42,2,1,2,2,1,2,2,1,2
Север,37,Аммиак,Высокая,46,2,1,2,1,1,2,2,1,0
Юг,220,Хлор,Высокая,94,2,2,2,2,2,2,2,2,2
Восток,497,Метан,Высокая,43,0,1,2,0,1,2,2,1,2
Запад,305,Пропан,Низкая,71,2,1,2,2,1,2,2,0,0
Запад,801,Аммиак,Средняя,62,2,1,2,2,1,2,2,1,1
Запад,119,Пропан,Средняя,15,2,1,1,2,1,0,2,0,0
Юг,441,Аммиак,Низкая,41,1,1,1,0,1,0,2,1,2
Запад,487,Пропан,Средняя,42,2,1,1,2,1,0,2,1,0
Север,809,Аммиак,Средняя,53,2,2,2,2,1,2,2,1,1
Запад,526,Хлор,Низкая,91,2,2,2,2,2,2,2,2,2
Запад,347,Аммиак,Высокая,59,2,0,2,2,2,2,2,0,0
Юг,139,Хлор,Низкая,69,2,2,2,2,2,2,2,2,2
Север,316,Метан,Низкая,23,2,1,2,1,1,1,0,1,0
Восток,498,Пропан,Средняя,16,1,1,2,1,1,2,0,0,2
Север,708,Аммиак,Высокая,54,2,2,2,2,2,2,2,1,1
Восток,59,Пропан,Низкая,14,1,1,2,1,1,2,0,0,2
Юг,898,Метан,Высокая,99,1,1,2,2,2,2,2,2,2
Север,511,Пропан,Высокая,38,2,1,2,1,1,2,2,1,1
Запад,756,Аммиак,Средняя,53,2,1,2,2,1,2,2,1,1
Запад,660,Метан,Низкая,65,2,1,2,2,1,2,2,1,1
Север,322,Аммиак,Средняя,44,2,1,2,1,1,1,0,1,0
Запад,105,Аммиак,Низкая,10,2,0,0,2,0,0,2,0,0
Запад,761,Хлор,Средняя,54,2,2,2,2,2,2,2,2,2
Восток,648,Метан,Средняя,53,1,1,2,2,1,2,2,1,2
Восток,797,Аммиак,Низкая,81,1,1,2,2,1,2,2,1,2
Юг,241,Пропан,Низкая,87,1,1,2,2,1,2,2,2,2
Запад,580,Метан,Высокая,94,2,1,2,2,2,2,2,1,1
Восток,341,Аммиак,Высокая,41,0,1,2,0,1,2,2,1,2
Восток,599,Хлор,Средняя,46,2,1,2,2,1,2,2,1,2
Север,866,Метан,Средняя,66,2,2,2,2,1,2,2,1,1
Запад,666,Хлор,Высокая,85,2,2,2,2,2,2,2,2,2
Север,678,Хлор,Средняя,63,2,2,2,2,2,2,2,2,2
Восток,640,Метан,Низкая,81,1,1,2,2,1,2,2,1,2
Восток,419,Метан,Средняя,55,0,0,2,2,0,2,2,0,2
Запад,509,Аммиак,Высокая,10,2,1,1,2,2,2,2,1,1
Запад,172,Хлор,Высокая,85,2,2,2,2,2,2,2,2,2
Запад,351,Аммиак,Низкая,17,2,0,0,2,0,0,2,0,0
Восток,230,Пропан,Высокая,15,1,1,2,1,2,2,2,0,2
Юг,544,Аммиак,Высокая,87,1,1,2,2,2,2,2,2,2
Юг,379,Хлор,Средняя,5,2,2,2,2,2,2,2,2,2
Юг,807,Метан,Высокая,47,1,1,1,1,1,2,2,1,2
Запад,88,Пропан,Высокая,10,2,1,1,2,2,2,2,0,0
Север,681,Хлор,Низкая,24,2,1,2,2,1,2,2,1,2
Юг,191,Пропан,Высокая,9,1,1,1,1,2,2,2,2,2
Север,932,Аммиак,Низкая,15,2,2,2,1,1,1,1,1,1
Восток,992,Аммиак,Низкая,88,1,1,2,2,1,2,2,1,2
Юг,641,Аммиак,Средняя,3,1,1,1,1,1,1,2,2,2
Север,435,Пропан,Высокая,77,2,2,2,2,2,2,2,0,0
Запад,842,Хлор,Средняя,68,2,2,2,2,2,2,2,2,2
Север,276,Аммиак,Средняя,70,2,2,2,2,1,2,2,0,0
Север,418,Аммиак,Средняя,54,2,2,2,2,1,2,2,0,0
Север,439,Хлор,Высокая,36,2,1,2,2,1,2,2,1,2
Юг,481,Аммиак,Высокая,86,1,1,2,2,2,2,2,2,2
Север,992,Хлор,Средняя,99,2,2,2,2,2,2,2,2,2
Юг,195,Хлор,Низкая,88,2,2,2,2,2,2,2,2,2
Восток,414,Хлор,Высокая,78,2,2,2,2,2,2,2,2,2
Север,627,Пропан,Низкая,58,2,2,2,2,1,2,2,1,1
Юг,22,Хлор,Высокая,100,2,2,2,2,2,2,2,2,2
Восток,614,Метан,Средняя,10,1,1,2,1,1,2,1,1,2
Восток,648,Метан,Средняя,42,1,1,2,1,1,2,1,1,2
Восток,794,Метан,Низкая,76,1,1,2,2,1,2,2,1,2
Восток,681,Пропан,Низкая,18,1,1,2,1,1,2,1,1,2
Восток,803,Метан,Средняя,74,1,1,2,2,1,2,2,1,2
Восток,512,Метан,Высокая,23,1,1,2,1,1,2,2,1,2
Север,291,Пропан,Высокая,83,2,2,2,2,2,2,2,0,0
Запад,688,Хлор,Средняя,4,2,2,2,2,2,2,2,2,2
Юг,369,Пропан,Средняя,82,1,1,2,2,1,2,2,2,2
Север,64,Аммиак,Средняя,27,2,1,2,1,1,1,0,1,0
Север,129,Хлор,Средняя,82,2,2,2,2,2,2,2,2,2
Восток,656,Аммиак,Низкая,42,1,1,2,1,1,2,1,1,2
Запад,864,Метан,Средняя,46,2,1,1,2,1,1,2,1,1
Запад,477,Пропан,Высокая,71,2,1,2,2,2,2,2,0,0
Юг,681,Метан,Высокая,83,1,1,2,2,2,2,2,2,2
Запад,590,Пропан,Низкая,54,2,1,2,2,1,2,2,1,1
Восток,301,Аммиак,Средняя,19,0,0,2,0,0,2,0,0,2
Север,545,Метан,Средняя,29,2,1,2,1,1,1,1,1,1
Юг,711,Пропан,Высокая,91,1,1,2,2,2,2,2,2,2
Запад,657,Пропан,Высокая,33,2,1,1,2,1,2,2,1,1
Запад,589,Хлор,Средняя,61,2,2,2,2,2,2,2,2,2
Юг,85,Пропан,Высокая,28,1,1,1,1,1,2,2,1,2
Запад,67,Метан,Средняя,53,2,0,2,2,0,2,2,0,0
Запад,95,Метан,Низкая,89,2,0,2,2,0,2,2,0,0
Север,428,Аммиак,Средняя,99,2,2,2,2,1,2,2,0,0
Юг,418,Хлор,Высокая,30,2,1,2,2,1,2,2,1,2
Запад,821,Пропан,Средняя,3,2,1,1,2,1,1,2,1,1
Восток,934,Метан,Низкая,68,1,1,2,2,1,2,2,1,2
Восток,570,Хлор,Средняя,3,2,2,2,2,2,2,2,2,2
Восток,860,Метан,Низкая,5,1,1,2,1,1,2,1,1,2
Запад,694,Хлор,Средняя,50,2,1,2,2,1,2,2,1,2
Запад,212,Хлор,Низкая,82,2,2,2,2,2,2,2,2,2
Запад,419,Аммиак,Низкая,64,2,0,2,2,0,2,2,0,0
Запад,560,Хлор,Низкая,48,2,1,2,2,1,2,2,1,2
Юг,468,Аммиак,Средняя,78,1,1,2,2,0,2,2,2,2
Север,532,Метан,Высокая,41,2,1,2,1,1,2,2,1,1
Запад,610,Аммиак,Низкая,47,2,1,1,2,1,1,2,1,1
Юг,788,Аммиак,Средняя,81,1,1,2,2,1,2,2,2,2
Север,818,Хлор,Низкая,23,2,1,2,2,1,2,2,1,2
Юг,465,Пропан,Низкая,64,1,1,2,2,1,2,2,2,2
Север,155,Пропан,Высокая,51,2,2,2,2,2,2,2,0,0
Восток,177,Метан,Низкая,58,0,0,2,2,0,2,2,0,2
Запад,304,Пропан,Средняя,21,2,1,1,2,1,0,2,1,0
Запад,382,Метан,Средняя,22,2,1,0,2,1,0,2,1,0
Юг,638,Метан,Средняя,77,1,1,2,2,1,2,2,2,2
Восток,512,Хлор,Средняя,60,2,2,2,2,2,2,2,2,2
Юг,40,Пропан,Низкая,29,1,1,1,1,1,0,2,1,2
Север,67,Пропан,Средняя,7,2,2,2,1,1,1,0,0,0
Восток,919,Хлор,Низкая,41,2,1,2,2,1,2,2,1,2
Запад,497,Метан,Высокая,21,2,1,0,2,1,2,2,1,0
Юг,363,Пропан,Средняя,64,1,1,2,2,1,2,2,2,2
Юг,121,Аммиак,Низкая,68,1,1,2,2,0,2,2,2,2
Запад,175,Метан,Высокая,61,2,0,2,2,2,2,2,0,0
Восток,548,Метан,Низкая,97,1,1,2,2,1,2,2,1,2
Восток,893,Аммиак,Средняя,12,1,1,2,1,1,2,1,1,2
Юг,351,Аммиак,Низкая,18,1,1,1,0,0,0,2,2,2
Север,248,Метан,Средняя,66,2,2,2,2,1,2,2,0,0
Север,728,Аммиак,Низкая,84,2,2,2,2,1,2,2,1,1
Север,84,Метан,Высокая,25,2,1,2,1,1,2,2,1,0
Юг,698,Пропан,Средняя,81,1,1,2,2,1,2,2,2,2
Запад,715,Пропан,Высокая,3,2,1,1,2,2,2,2,1,1
Восток,985,Пропан,Высокая,58,1,1,2,2,2,2,2,1,2
Восток,972,Метан,Низкая,31,1,1,2,1,1,2,1,1,2
Север,103,Хлор,Высокая,75,2,2,2,2,2,2,2,2,2
Запад,904,Хлор,Низкая,94,2,2,2,2,2,2,2,2,2
Юг,597,Метан,Низкая,89,1,1,2,2,1,2,2,2,2
Юг,987,Хлор,Высокая,59,2,2,2,2,2,2,2,2,2
Восток,360,Метан,Низкая,1,0,0,2,0,0,2,0,0,2
Восток,984,Метан,Низкая,44,1,1,2,1,1,2,1,1,2
Юг,594,Пропан,Низкая,28,1,1,1,1,1,1,2,1,2
Юг,517,Пропан,Высокая,4,1,1,1,1,2,2,2,2,2
Север,711,Аммиак,Низкая,50,2,1,2,1,1,1,1,1,1
Юг,906,Аммиак,Средняя,28,1,1,1,1,1,1,2,1,2
Восток,513,Метан,Низкая,86,1,1,2,2,1,2,2,1,2
Восток,94,Пропан,Низкая,56,1,1,2,2,1,2,2,0,2
Юг,228,Пропан,Низкая,69,1,1,2,2,1,2,2,2,2
Запад,803,Аммиак,Средняя,17,2,1,1,2,1,1,2,1,1
Запад,504,Метан,Средняя,10,2,1,1,2,1,1,2,1,1
Восток,781,Пропан,Высокая,43,1,1,2,1,1,2,2,1,2
Восток,101,Аммиак,Высокая,62,0,0,2,2,2,2,2,0,2
Север,562,Хлор,Средняя,51,2,2,2,2,2,2,2,2,2
Юг,871,Метан,Средняя,68,1,1,2,2,1,2,2,2,2
Юг,932,Пропан,Средняя,49,1,1,1,1,1,1,2,1,2
Север,447,Пропан,Средняя,89,2,2,2,2,1,2,2,0,0
Запад,579,Метан,Средняя,5,2,1,1,2,1,1,2,1,1
Восток,951,Метан,Средняя,24,1,1,2,1,1,2,1,1,2
Восток,150,Хлор,Средняя,72,2,2,2,2,2,2,2,2,2
Восток,160,Метан,Низкая,55,0,0,2,2,0,2,2,0,2
Юг,259,Метан,Средняя,18,1,1,1,0,0,0,2,2,2
Юг,727,Метан,Низкая,17,1,1,1,1,1,1,2,2,2
Восток,125,Хлор,Высокая,29,2,1,2,2,1,2,2,1,2
Север,554,Пропан,Средняя,59,2,2,2,2,1,2,2,1,1
Восток,294,Метан,Высокая,50,0,1,2,0,1,2,2,1,2
Запад,632,Метан,Высокая,22,2,1,1,2,1,2,2,1,1
Запад,931,Метан,Низкая,76,2,1,2,2,1,2,2,1,1
Восток,423,Аммиак,Низкая,4,0,0,2,0,0,2,0,0,2
Восток,68,Метан,Низкая,30,0,1,2,0,1,2,0,1,2
Север,781,Пропан,Низкая,65,2,2,2,2,1,2,2,1,1
Запад,193,Пропан,Высокая,30,2,1,1,2,1,2,2,1,0
Запад,319,Пропан,Высокая,42,2,1,1,2,1,2,2,1,0
Запад,878,Аммиак,Высокая,48,2,1,1,2,1,2,2,1,1
Запад,428,Пропан,Средняя,75,2,1,2,2,1,2,2,0,0
Восток,495,Аммиак,Низкая,27,0,1,2,0,1,2,0,1,2
Юг,878,Пропан,Низкая,72,1,1,2,2,1,2,2,2,2
Запад,924,Аммиак,Низкая,11,2,1,1,2,1,1,2,1,1
Запад,698,Аммиак,Низкая,87,2,1,2,2,1,2,2,1,1
Юг,329,Хлор,Низкая,88,2,2,2,2,2,2,2,2,2
Юг,822,Метан,Низкая,9,1,1,1,1,1,1,2,2,2
Север,239,Хлор,Низкая,31,2,1,2,2,1,2,2,1,2
Юг,665,Метан,Средняя,72,1,1,2,2,1,2,2,2,2
Север,642,Хлор,Высокая,15,2,2,2,2,2,2,2,2,2
Север,250,Аммиак,Средняя,64,2,2,2,2,1,2,2,0,0
Юг,666,Метан,Высокая,28,1,1,1,1,1,2,2,1,2
Север,296,Аммиак,Высокая,66,2,2,2,2,2,2,2,0,0
Юг,561,Пропан,Низкая,3,1,1,1,1,1,1,2,2,2
Юг,954,Метан,Низкая,82,1,1,2,2,1,2,2,2,2
Запад,330,Хлор,Низкая,43,2,1,2,2,1,2,2,1,2
Восток,351,Пропан,Средняя,56,1,1,2,2,1,2,2,0,2
Юг,121,Аммиак,Низкая,79,1,1,2,2,0,2,2,2,2
Восток,839,Хлор,Низкая,9,2,2,2,2,2,2,2,2,2
Юг,966,Аммиак,Низкая,77,1,1,2,2,1,2,2,2,2
Север,884,Метан,Средняя,75,2,2,2,2,1,2,2,1,1
Юг,241,Аммиак,Средняя,2,1,1,1,0,0,0,2,2,2
Север,152,Аммиак,Средняя,39,2,1,2,1,1,1,0,1,0
Восток,330,Метан,Низкая,69,0,0,2,2,0,2,2,0,2
Запад,626,Аммиак,Высокая,68,2,1,2,2,2,2,2,1,1
Юг,513,Хлор,Высокая,45,2,1,2,2,1,2,2,1,2
Восток,690,Пропан,Низкая,12,1,1,2,1,1,2,1,1,2
Восток,296,Пропан,Высокая,24,1,1,2,1,1,2,2,1,2
Север,849,Пропан,Высокая,70,2,2,2,2,2,2,2,1,1
Восток,19,Пропан,Низкая,36,1,1,2,1,1,2,0,1,2
Юг,572,Аммиак,Высокая,19,1,1,1,1,2,2,2,2,2
Юг,41,Пропан,Средняя,37,1,1,1,1,1,0,2,1,2
Юг,610,Хлор,Средняя,88,2,2,2,2,2,2,2,2,2
Запад,640,Хлор,Низкая,33,2,1,2,2,1,2,2,1,2
Запад,218,Метан,Средняя,89,2,0,2,2,0,2,2,0,0
Север,714,Метан,Средняя,25,2,1,2,1,1,1,1,1,1
Юг,482,Пропан,Высокая,57,1,1,2,2,2,2,2,2,2
Юг,497,Метан,Средняя,36,1,1,1,0,1,0,2,1,2
Запад,431,Аммиак,Низкая,39,2,1,0,2,1,0,2,1,0
Запад,355,Аммиак,Средняя,64,2,0,2,2,0,2,2,0,0
Север,780,Пропан,Высокая,55,2,2,2,2,2,2,2,1,1
Юг,948,Метан,Средняя,89,1,1,2,2,1,2,2,2,2
Запад,53,Хлор,Высокая,11,2,2,2,2,2,2,2,2,2
Юг,725,Хлор,Низкая,99,2,2,2,2,2,2,2,2,2
Север,346,Хлор,Низкая,35,2,1,2,2,1,2,2,1,2
Юг,660,Метан,Средняя,68,1,1,2,2,1,2,2,2,2
Север,812,Аммиак,Высокая,34,2,1,2,1,1,2,2,1,1
Юг,383,Пропан,Низкая,62,1,1,2,2,1,2,2,2,2
Север,991,Метан,Низкая,98,2,2,2,2,1,2,2,1,1
Север,75,Аммиак,Средняя,88,2,2,2,2,1,2,2,0,0
Запад,836,Аммиак,Высокая,76,2,1,2,2,2,2,2,1,1
Север,971,Пропан,Высокая,25,2,1,2,1,1,2,2,1,1
Запад,922,Хлор,Высокая,2,2,2,2,2,2,2,2,2,2
Север,973,Метан,Высокая,64,2,2,2,2,2,2,2,1,1
Запад,486,Метан,Низкая,56,2,0,2,2,0,2,2,0,0
Запад,50,Метан,Низкая,56,2,0,2,2,0,2,2,0,0
Восток,316,Пропан,Средняя,59,1,1,2,2,1,2,2,0,2
Север,839,Хлор,Средняя,68,2,2,2,2,2,2,2,2,2
Север,45,Метан,Средняя,54,2,2,2,2,1,2,2,0,0
Юг,552,Аммиак,Низкая,80,1,1,2,2,1,2,2,2,2
Юг,491,Пропан,Низкая,34,1,1,1,1,1,0,2,1,2
Север,368,Хлор,Высокая,40,2,1,2,2,1,2,2,1,2
Восток,133,Пропан,Высокая,30,1,1,2,1,1,2,2,1,2
Восток,853,Аммиак,Средняя,84,1,1,2,2,1,2,2,1,2
Восток,560,Пропан,Высокая,9,1,1,2,1,2,2,2,1,2
Юг,596,Метан,Низкая,9,1,1,1,1,1,1,2,2,2
Север,719,Аммиак,Низкая,41,2,1,2,1,1,1,1,1,1
Север,945,Пропан,Низкая,19,2,2,2,1,1,1,1,1,1
Юг,184,Аммиак,Низкая,99,1,1,2,2,0,2,2,2,2
Запад,54,Пропан,Высокая,42,2,1,1,2,1,2,2,1,0
Запад,652,Хлор,Высокая,85,2,2,2,2,2,2,2,2,2
Юг,974,Метан,Средняя,5,1,1,1,1,1,1,2,2,2
Запад,39,Аммиак,Высокая,42,2,1,0,2,1,2,2,1,0
Запад,261,Хлор,Низкая,78,2,2,2,2,2,2,2,2,2
Север,235,Аммиак,Высокая,58,2,2,2,2,2,2,2,0,0
Север,864,Хлор,Средняя,42,2,1,2,2,1,2,2,1,2
Запад,958,Пропан,Низкая,100,2,1,2,2,1,2,2,1,1
Север,668,Метан,Высокая,79,2,2,2,2,2,2,2,1,1
Запад,612,Хлор,Высокая,36,2,1,2,2,1,2,2,1,2
Север,381,Пропан,Высокая,26,2,1,2,1,1,2,2,1,0
Юг,616,Пропан,Низкая,1,1,1,1,1,1,1,2,2,2
Запад,219,Аммиак,Средняя,53,2,0,2,2,0,2,2,0,0
Юг,221,Хлор,Средняя,99,2,2,2,2,2,2,2,2,2
Юг,892,Аммиак,Средняя,65,1,1,2,2,1,2,2,2,2
Запад,334,Метан,Средняя,72,2,0,2,2,0,2,2,0,0
Юг,373,Аммиак,Средняя,31,1,1,1,0,1,0,2,1,2
Запад,136,Аммиак,Низкая,91,2,0,2,2,0,2,2,0,0
Запад,598,Метан,Низкая,9,2,1,1,2,1,1,2,1,1
Восток,425,Пропан,Высокая,34,1,1,2,1,1,2,2,1,2
Восток,820,Пропан,Низкая,70,1,1,2,2,1,2,2,1,2
Запад,805,Аммиак,Средняя,40,2,1,1,2,1,1,2,1,1
Восток,264,Пропан,Средняя,50,1,1,2,1,1,2,0,1,2
Север,728,Метан,Низкая,73,2,2,2,2,1,2,2,1,1
Запад,298,Пропан,Низкая,34,2,1,1,2,1,0,2,1,0
Север,915,Метан,Высокая,40,2,1,2,1,1,2,2,1,1
Запад,704,Пропан,Средняя,78,2,1,2,2,1,2,2,1,1
Север,364,Пропан,Низкая,27,2,1,2,1,1,1,0,1,0
Запад,184,Пропан,Средняя,60,2,1,2,2,1,2,2,0,0
Север,308,Пропан,Высокая,65,2,2,2,2,2,2,2,0,0
Восток,157,Хлор,Низкая,49,2,1,2,2,1,2,2,1,2
Восток,571,Пропан,Высокая,64,1,1,2,2,2,2,2,1,2
Север,152,Хлор,Высокая,25,2,1,2,2,1,2,2,1,2
Восток,84,Хлор,Высокая,33,2,1,2,2,1,2,2,1,2
Север,280,Метан,Средняя,30,2,1,2,1,1,1,0,1,0
Юг,140,Пропан,Средняя,98,1,1,2,2,1,2,2,2,2
Север,870,Хлор,Низкая,33,2,1,2,2,1,2,2,1,2
Север,37,Аммиак,Низкая,56,2,2,2,2,1,2,2,0,0
Восток,650,Хлор,Низкая,98,2,2,2,2,2,2,2,2,2
Восток,915,Хлор,Средняя,93,2,2,2,2,2,2,2,2,2
Север,82,Метан,Высокая,30,2,1,2,1,1,2,2,1,0
Восток,677,Хлор,Средняя,63,2,2,2,2,2,2,2,2,2
Восток,229,Хлор,Низкая,58,2,2,2,2,2,2,2,2,2
Север,23,Пропан,Средняя,3,2,2,2,1,1,1,0,0,0
Север,89,Пропан,Высокая,69,2,2,2,2,2,2,2,0,0
Юг,631,Хлор,Высокая,77,2,2,2,2,2,2,2,2,2
Запад,382,Аммиак,Средняя,88,2,0,2,2,0,2,2,0,0
Юг,785,Пропан,Средняя,24,1,1,1,1,1,1,2,1,2
Юг,314,Метан,Высокая,82,1,1,2,2,2,2,2,2,2
Север,259,Хлор,Высокая,83,2,2,2,2,2,2,2,2,2
Север,238,Пропан,Высокая,87,2,2,2,2,2,2,2,0,0
Север,794,Пропан,Средняя,8,2,2,2,1,1,1,1,1,1
Север,339,Метан,Средняя,65,2,2,2,2,1,2,2,0,0
Юг,275,Метан,Средняя,67,1,1,2,2,0,2,2,2,2
Запад,815,Аммиак,Средняя,72,2,1,2,2,1,2,2,1,1
Север,750,Аммиак,Высокая,14,2,2,2,1,2,2,2,1,1
Север,724,Хлор,Высокая,63,2,2,2,2,2,2,2,2,2
Запад,763,Аммиак,Высокая,93,2,1,2,2,2,2,2,1,1
Север,262,Пропан,Средняя,80,2,2,2,2,1,2,2,0,0
Север,226,Хлор,Средняя,41,2,1,2,2,1,2,2,1,2
Восток,352,Аммиак,Высокая,4,0,0,2,0,2,2,2,0,2
Восток,295,Хлор,Высокая,23,2,1,2,2,1,2,2,1,2
Запад,648,Аммиак,Низкая,57,2,1,2,2,1,2,2,1,1
Юг,943,Пропан,Высокая,61,1,1,2,2,2,2,2,2,2
Восток,415,Хлор,Средняя,39,2,1,2,2,1,2,2,1,2
Запад,750,Пропан,Высокая,98,2,1,2,2,2,2,2,1,1
Север,455,Пропан,Высокая,47,2,1,2,1,1,2,2,1,0
Юг,432,Метан,Низкая,39,1,1,1,0,1,0,2,1,2
Запад,316,Метан,Средняя,1,2,0,0,2,0,0,2,0,0
Юг,664,Аммиак,Средняя,10,1,1,1,1,1,1,2,2,2
Север,498,Хлор,Средняя,41,2,1,2,2,1,2,2,1,2
Север,366,Метан,Высокая,95,2,2,2,2,2,2,2,0,0
Север,679,Аммиак,Низкая,94,2,2,2,2,1,2,2,1,1
Запад,846,Пропан,Высокая,80,2,1,2,2,2,2,2,1,1
Север,88,Хлор,Низкая,22,2,1,2,2,1,2,2,1,2
Запад,675,Метан,Высокая,28,2,1,1,2,1,2,2,1,1
Север,886,Аммиак,Средняя,68,2,2,2,2,1,2,2,1,1
Восток,266,Пропан,Низкая,69,1,1,2,2,1,2,2,0,2
Запад,27,Пропан,Низкая,63,2,1,2,2,1,2,2,0,0
Запад,581,Пропан,Средняя,40,2,1,1,2,1,1,2,1,1
Север,325,Пропан,Низкая,42,2,1,2,1,1,1,0,1,0
Север,714,Метан,Низкая,63,2,2,2,2,1,2,2,1,1
Север,366,Пропан,Высокая,12,2,2,2,1,2,2,2,0,0
Восток,654,Аммиак,Низкая,78,1,1,2,2,1,2,2,1,2
Запад,366,Аммиак,Средняя,20,2,0,0,2,0,0,2,0,0
Запад,966,Хлор,Низкая,76,2,2,2,2,2,2,2,2,2
Восток,372,Аммиак,Высокая,37,0,1,2,0,1,2,2,1,2
Север,721,Аммиак,Высокая,38,2,1,2,1,1,2,2,1,1
Юг,824,Пропан,Низкая,39,1,1,1,1,1,1,2,1,2
Юг,516,Метан,Высокая,62,1,1,2,2,2,2,2,2,2
Юг,615,Метан,Высокая,25,1,1,1,1,1,2,2,1,2
Восток,839,Аммиак,Высокая,51,1,1,2,2,2,2,2,1,2
Север,574,Метан,Низкая,38,2,1,2,1,1,1,1,1,1
Юг,205,Аммиак,Низкая,20,1,1,1,0,0,0,2,2,2
Юг,252,Метан,Высокая,43,1,1,1,0,1,2,2,1,2
Юг,894,Хлор,Высокая,33,2,1,2,2,1,2,2,1,2
Север,924,Пропан,Низкая,10,2,2,2,1,1,1,1,1,1
Север,862,Метан,Средняя,47,2,1,2,1,1,1,1,1,1
Запад,177,Метан,Средняя,60,2,0,2,2,0,2,2,0,0
Север,957,Метан,Средняя,28,2,1,2,1,1,1,1,1,1
Юг,933,Хлор,Средняя,2,2,2,2,2,2,2,2,2,2
Север,595,Пропан,Низкая,77,2,2,2,2,1,2,2,1,1
Юг,879,Пропан,Средняя,98,1,1,2,2,1,2,2,2,2
Запад,151,Метан,Средняя,83,2,0,2,2,0,2,2,0,0
Север,685,Пропан,Низкая,31,2,1,2,1,1,1,1,1,1
Север,462,Хлор,Средняя,26,2,1,2,2,1,2,2,1,2
Юг,611,Аммиак,Низкая,23,1,1,1,1,1,1,2,1,2
Север,831,Метан,Средняя,63,2,2,2,2,1,2,2,1,1
Запад,442,Аммиак,Высокая,90,2,0,2,2,2,2,2,0,0
Юг,282,Пропан,Низкая,38,1,1,1,1,1,0,2,1,2
Запад,488,Хлор,Низкая,92,2,2,2,2,2,2,2,2,2
Восток,31,Хлор,Средняя,95,2,2,2,2,2,2,2,2,2
Запад,101,Хлор,Высокая,30,2,1,2,2,1,2,2,1,2
Запад,571,Хлор,Высокая,67,2,2,2,2,2,2,2,2,2
Север,37,Метан,Средняя,56,2,2,2,2,1,2,2,0,0
Восток,809,Аммиак,Средняя,42,1,1,2,1,1,2,1,1,2
Восток,638,Аммиак,Высокая,83,1,1,2,2,2,2,2,1,2
Запад,894,Хлор,Высокая,19,2,2,2,2,2,2,2,2,2
Запад,740,Хлор,Средняя,73,2,2,2,2,2,2,2,2,2
Север,294,Аммиак,Средняя,68,2,2,2,2,1,2,2,0,0
Юг,351,Метан,Низкая,14,1,1,1,0,0,0,2,2,2
Юг,882,Пропан,Средняя,65,1,1,2,2,1,2,2,2,2
Запад,26,Хлор,Низкая,87,2,2,2,2,2,2,2,2,2
Юг,440,Пропан,Низкая,6,1,1,1,1,1,0,2,2,2
Север,764,Пропан,Средняя,96,2,2,2,2,1,2,2,1,1
Юг,416,Аммиак,Низкая,57,1,1,2,2,0,2,2,2,2
Север,958,Хлор,Средняя,11,2,2,2,2,2,2,2,2,2
Запад,301,Аммиак,Высокая,75,2,0,2,2,2,2,2,0,0
Север,806,Метан,Высокая,78,2,2,2,2,2,2,2,1,1
Запад,139,Аммиак,Средняя,76,2,0,2,2,0,2,2,0,0
Восток,709,Пропан,Низкая,76,1,1,2,2,1,2,2,1,2
Восток,870,Аммиак,Средняя,84,1,1,2,2,1,2,2,1,2
Юг,658,Аммиак,Низкая,48,1,1,1,1,1,1,2,1,2
Юг,933,Метан,Средняя,91,1,1,2,2,1,2,2,2,2
Юг,263,Хлор,Высокая,45,2,1,2,2,1,2,2,1,2
Запад,532,Аммиак,Высокая,59,2,1,2,2,2,2,2,1,1
Север,861,Метан,Высокая,8,2,2,2,1,2,2,2,1,1
Север,839,Пропан,Высокая,7,2,2,2,1,2,2,2,1,1
Восток,603,Пропан,Средняя,99,1,1,2,2,1,2,2,1,2
Восток,51,Метан,Средняя,72,0,0,2,2,0,2,2,0,2
Юг,659,Хлор,Низкая,16,2,2,2,2,2,2,2,2,2
Юг,18,Хлор,Низкая,81,2,2,2,2,2,2,2,2,2
Восток,47,Метан,Низкая,62,0,0,2,2,0,2,2,0,2
Запад,337,Пропан,Низкая,78,2,1,2,2,1,2,2,0,0
Север,968,Метан,Низкая,24,2,1,2,1,1,1,1,1,1
Запад,252,Аммиак,Средняя,3,2,0,0,2,0,0,2,0,0
Юг,888,Метан,Низкая,39,1,1,1,1,1,1,2,1,2
Восток,210,Хлор,Низкая,53,2,2,2,2,2,2,2,2,2
Запад,687,Пропан,Высокая,26,2,1,1,2,1,2,2,1,1
Север,71,Аммиак,Средняя,99,2,2,2,2,1,2,2,0,0
Восток,452,Метан,Низкая,6,0,0,2,0,0,2,0,0,2
Восток,613,Метан,Средняя,73,1,1,2,2,1,2,2,1,2
Юг,869,Метан,Высокая,48,1,1,1,1,1,2,2,1,2
Восток,134,Метан,Средняя,5,0,0,2,0,0,2,0,0,2
Север,291,Метан,Высокая,88,2,2,2,2,2,2,2,0,0
Запад,47,Пропан,Средняя,69,2,1,2,2,1,2,2,0,0
Запад,813,Хлор,Низкая,85,2,2,2,2,2,2,2,2,2
Восток,985,Пропан,Средняя,71,1,1,2,2,1,2,2,1,2
Восток,43,Пропан,Высокая,98,1,1,2,2,2,2,2,0,2
Восток,238,Аммиак,Высокая,40,0,1,2,0,1,2,2,1,2
Запад,90,Пропан,Средняя,13,2,1,1,2,1,0,2,0,0
Юг,61,Хлор,Низкая,63,2,2,2,2,2,2,2,2,2
Север,682,Метан,Высокая,53,2,2,2,2,2,2,2,1,1
Запад,490,Метан,Высокая,70,2,0,2,2,2,2,2,0,0
Юг,820,Аммиак,Низкая,63,1,1,2,2,1,2,2,2,2
Север,649,Хлор,Низкая,73,2,2,2,2,2,2,2,2,2
Восток,481,Аммиак,Средняя,48,0,1,2,0,1,2,0,1,2
Север,62,Хлор,Средняя,39,2,1,2,2,1,2,2,1,2
Восток,926,Пропан,Высокая,82,1,1,2,2,2,2,2,1,2
Восток,995,Аммиак,Средняя,38,1,1,2,1,1,2,1,1,2
Восток,309,Метан,Средняя,63,0,0,2,2,0,2,2,0,2
Юг,770,Хлор,Низкая,94,2,2,2,2,2,2,2,2,2
Юг,177,Аммиак,Средняя,34,1,1,1,0,1,0,2,1,2
Юг,881,Аммиак,Низкая,100,1,1,2,2,1,2,2,2,2
Запад,242,Пропан,Высокая,86,2,1,2,2,2,2,2,0,0
Запад,567,Метан,Высокая,5,2,1,1,2,2,2,2,1,1
Восток,262,Хлор,Низкая,6,2,2,2,2,2,2,2,2,2
Запад,18,Метан,Низкая,99,2,0,2,2,0,2,2,0,0
Восток,674,Метан,Средняя,13,1,1,2,1,1,2,1,1,2
Запад,19,Хлор,Высокая,43,2,1,2,2,1,2,2,1,2
Восток,577,Аммиак,Низкая,10,1,1,2,1,1,2,1,1,2
Запад,567,Метан,Средняя,7,2,1,1,2,1,1,2,1,1
Восток,310,Пропан,Средняя,61,1,1,2,2,1,2,2,0,2
Юг,712,Хлор,Средняя,66,2,2,2,2,2,2,2,2,2
Запад,886,Метан,Средняя,69,2,1,2,2,1,2,2,1,1
Восток,108,Метан,Высокая,87,0,0,2,2,2,2,2,0,2
Запад,633,Аммиак,Низкая,37,2,1,1,2,1,1,2,1,1
Восток,213,Пропан,Средняя,20,1,1,2,1,1,2,0,0,2
Восток,113,Аммиак,Средняя,72,0,0,2,2,0,2,2,0,2
Запад,593,Метан,Высокая,80,2,1,2,2,2,2,2,1,1
Юг,805,Пропан,Низкая,86,1,1,2,2,1,2,2,2,2
Восток,101,Метан,Высокая,35,0,1,2,0,1,2,2,1,2
Восток,389,Аммиак,Высокая,1,0,0,2,0,2,2,2,0,2
Запад,336,Пропан,Высокая,77,2,1,2,2,2,2,2,0,0
Восток,867,Пропан,Средняя,43,1,1,2,1,1,2,1,1,2
Восток,651,Хлор,Высокая,53,2,2,2,2,2,2,2,2,2
Юг,512,Пропан,Высокая,70,1,1,2,2,2,2,2,2,2
Восток,89,Аммиак,Высокая,72,0,0,2,2,2,2,2,0,2
Север,77,Аммиак,Низкая,20,2,2,2,1,1,1,0,0,0
Запад,65,Метан,Низкая,67,2,0,2,2,0,2,2,0,0
Восток,677,Аммиак,Высокая,60,1,1,2,2,2,2,2,1,2
Юг,526,Аммиак,Низкая,32,1,1,1,1,1,1,2,1,2
Запад,629,Пропан,Средняя,75,2,1,2,2,1,2,2,1,1
Запад,247,Пропан,Высокая,98,2,1,2,2,2,2,2,0,0
Юг,721,Хлор,Высокая,34,2,1,2,2,1,2,2,1,2
Север,678,Хлор,Высокая,80,2,2,2,2,2,2,2,2,2
Север,442,Аммиак,Высокая,9,2,2,2,1,2,2,2,0,0
Запад,24,Хлор,Высокая,57,2,2,2,2,2,2,2,2,2
Север,733,Хлор,Низкая,70,2,2,2,2,2,2,2,2,2
Запад,212,Метан,Низкая,62,2,0,2,2,0,2,2,0,0
Север,703,Пропан,Низкая,94,2,2,2,2,1,2,2,1,1
Запад,128,Пропан,Средняя,12,2,1,1,2,1,0,2,0,0
Запад,244,Хлор,Средняя,27,2,1,2,2,1,2,2,1,2
Север,919,Метан,Средняя,77,2,2,2,2,1,2,2,1,1
Запад,758,Пропан,Высокая,91,2,1,2,2,2,2,2,1,1
Запад,984,Хлор,Средняя,82,2,2,2,2,2,2,2,2,2
Запад,102,Пропан,Низкая,69,2,1,2,2,1,2,2,0,0
Юг,625,Хлор,Низкая,39,2,1,2,2,1,2,2,1,2
Юг,843,Хлор,Средняя,49,2,1,2,2,1,2,2,1,2
Север,158,Хлор,Низкая,70,2,2,2,2,2,2,2,2,2
Север,92,Пропан,Средняя,54,2,2,2,2,1,2,2,0,0
Восток,975,Пропан,Низкая,81,1,1,2,2,1,2,2,1,2
Юг,633,Хлор,Средняя,77,2,2,2,2,2,2,2,2,2
Север,231,Пропан,Низкая,79,2,2,2,2,1,2,2,0,0
Север,382,Пропан,Высокая,51,2,2,2,2,2,2,2,0,0
Запад,190,Аммиак,Высокая,10,2,0,0,2,2,2,2,0,0
Запад,157,Аммиак,Высокая,58,2,0,2,2,2,2,2,0,0
Запад,245,Пропан,Низкая,6,2,1,1,2,1,0,2,0,0
Юг,541,Хлор,Средняя,36,2,1,2,2,1,2,2,1,2
Юг,346,Аммиак,Низкая,19,1,1,1,0,0,0,2,2,2
Восток,276,Аммиак,Низкая,33,0,1,2,0,1,2,0,1,2
Запад,192,Пропан,Высокая,85,2,1,2,2,2,2,2,0,0
Север,11,Метан,Низкая,89,2,2,2,2,1,2,2,0,0
Юг,619,Аммиак,Высокая,51,1,1,2,2,2,2,2,2,2
Запад,857,Метан,Высокая,56,2,1,2,2,2,2,2,1,1
Запад,901,Пропан,Средняя,70,2,1,2,2,1,2,2,1,1
Восток,34,Пропан,Средняя,25,1,1,2,1,1,2,0,1,2
Юг,916,Аммиак,Средняя,49,1,1,1,1,1,1,2,1,2
Юг,884,Аммиак,Низкая,99,1,1,2,2,1,2,2,2,2
Восток,534,Метан,Высокая,39,1,1,2,1,1,2,2,1,2
Север,843,Пропан,Высокая,3,2,2,2,1,2,2,2,1,1
Восток,451,Аммиак,Средняя,91,0,0,2,2,0,2,2,0,2
Юг,384,Пропан,Низкая,51,1,1,2,2,1,2,2,2,2
Запад,830,Пропан,Высокая,69,2,1,2,2,2,2,2,1,1
Север,519,Хлор,Высокая,70,2,2,2,2,2,2,2,2,2
Восток,790,Пропан,Низкая,34,1,1,2,1,1,2,1,1,2
Восток,642,Пропан,Высокая,95,1,1,2,2,2,2,2,1,2
Юг,827,Хлор,Средняя,2,2,2,2,2,2,2,2,2,2
Восток,565,Пропан,Низкая,49,1,1,2,1,1,2,1,1,2
Юг,521,Пропан,Средняя,89,1,1,2,2,1,2,2,2,2
Юг,592,Хлор,Средняя,27,2,1,2,2,1,2,2,1,2
Запад,603,Аммиак,Низкая,9,2,1,1,2,1,1,2,1,1
Восток,376,Пропан,Высокая,48,1,1,2,1,1,2,2,1,2
Запад,912,Метан,Средняя,18,2,1,1,2,1,1,2,1,1
Восток,665,Хлор,Низкая,56,2,2,2,2,2,2,2,2,2
Север,257,Хлор,Средняя,39,2,1,2,2,1,2,2,1,2
Восток,369,Хлор,Низкая,68,2,2,2,2,2,2,2,2,2
Восток,453,Пропан,Низкая,15,1,1,2,1,1,2,0,0,2
Юг,515,Метан,Высокая,29,1,1,1,1,1,2,2,1,2
Запад,447,Метан,Средняя,90,2,0,2,2,0,2,2,0,0
Запад,124,Хлор,Средняя,97,2,2,2,2,2,2,2,2,2
Юг,795,Аммиак,Средняя,74,1,1,2,2,1,2,2,2,2
Юг,494,Пропан,Средняя,27,1,1,1,1,1,0,2,1,2
Восток,291,Хлор,Средняя,96,2,2,2,2,2,2,2,2,2
Юг,566,Пропан,Низкая,3,1,1,1,1,1,1,2,2,2
Юг,641,Метан,Средняя,2,1,1,1,1,1,1,2,2,2
Восток,251,Хлор,Средняя,97,2,2,2,2,2,2,2,2,2
Запад,974,Метан,Низкая,57,2,1,2,2,1,2,2,1,1
Север,383,Метан,Низкая,95,2,2,2,2,1,2,2,0,0
Восток,976,Аммиак,Средняя,32,1,1,2,1,1,2,1,1,2
Юг,20,Метан,Средняя,43,1,1,1,0,1,0,2,1,2
Юг,883,Аммиак,Низкая,91,1,1,2,2,1,2,2,2,2
Запад,686,Аммиак,Средняя,47,2,1,1,2,1,1,2,1,1
Север,562,Метан,Средняя,34,2,1,2,1,1,1,1,1,1
Север,330,Метан,Высокая,60,2,2,2,2,2,2,2,0,0
Север,747,Метан,Высокая,18,2,2,2,1,2,2,2,1,1
Север,37,Аммиак,Средняя,97,2,2,2,2,1,2,2,0,0
Восток,393,Метан,Высокая,13,0,0,2,0,2,2,2,0,2
Север,909,Пропан,Высокая,85,2,2,2,2,2,2,2,1,1
Восток,473,Пропан,Высокая,92,1,1,2,2,2,2,2,0,2
Юг,781,Аммиак,Низкая,33,1,1,1,1,1,1,2,1,2
Юг,451,Хлор,Высокая,75,2,2,2,2,2,2,2,2,2
Юг,493,Аммиак,Низкая,76,1,1,2,2,0,2,2,2,2
Юг,640,Аммиак,Средняя,43,1,1,1,1,1,1,2,1,2
Юг,62,Аммиак,Высокая,11,1,1,1,0,2,2,2,2,2
Запад,786,Метан,Низкая,12,2,1,1,2,1,1,2,1,1
Восток,764,Хлор,Низкая,43,2,1,2,2,1,2,2,1,2
Восток,734,Пропан,Низкая,7,1,1,2,1,1,2,1,1,2
Восток,669,Хлор,Средняя,69,2,2,2,2,2,2,2,2,2
Запад,478,Хлор,Низкая,52,2,2,2,2,2,2,2,2,2
Юг,235,Метан,Средняя,59,1,1,2,2,0,2,2,2,2
Юг,304,Пропан,Средняя,31,1,1,1,1,1,0,2,1,2
Север,529,Аммиак,Высокая,86,2,2,2,2,2,2,2,1,1
Восток,380,Метан,Высокая,94,0,0,2,2,2,2,2,0,2
Юг,943,Пропан,Высокая,67,1,1,2,2,2,2,2,2,2
Восток,75,Метан,Низкая,12,0,0,2,0,0,2,0,0,2
Север,758,Метан,Высокая,21,2,1,2,1,1,2,2,1,1
Запад,675,Хлор,Высокая,34,2,1,2,2,1,2,2,1,2
Восток,164,Аммиак,Высокая,40,0,1,2,0,1,2,2,1,2
Запад,110,Хлор,Высокая,11,2,2,2,2,2,2,2,2,2
Восток,633,Хлор,Высокая,5,2,2,2,2,2,2,2,2,2
Запад,858,Метан,Низкая,19,2,1,1,2,1,1,2,1,1
Север,35,Аммиак,Средняя,79,2,2,2,2,1,2,2,0,0
Восток,156,Пропан,Низкая,64,1,1,2,2,1,2,2,0,2
Восток,402,Пропан,Средняя,35,1,1,2,1,1,2,0,1,2
Север,712,Пропан,Высокая,27,2,1,2,1,1,2,2,1,1
Север,717,Хлор,Низкая,90,2,2,2,2,2,2,2,2,2
Восток,699,Пропан,Высокая,71,1,1,2,2,2,2,2,1,2
Запад,341,Аммиак,Высокая,91,2,0,2,2,2,2,2,0,0
Юг,890,Аммиак,Высокая,97,1,1,2,2,2,2,2,2,2
Запад,185,Хлор,Средняя,79,2,2,2,2,2,2,2,2,2
Запад,767,Аммиак,Низкая,9,2,1,1,2,1,1,2,1,1
Север,182,Метан,Высокая,72,2,2,2,2,2,2,2,0,0
Север,634,Метан,Низкая,48,2,1,2,1,1,1,1,1,1
Юг,727,Хлор,Высокая,25,2,1,2,2,1,2,2,1,2
Восток,494,Пропан,Высокая,84,1,1,2,2,2,2,2,0,2
Север,212,Хлор,Низкая,5,2,2,2,2,2,2,2,2,2
Север,261,Аммиак,Низкая,9,2,2,2,1,1,1,0,0,0
Запад,460,Аммиак,Низкая,78,2,0,2,2,0,2,2,0,0
Юг,556,Аммиак,Средняя,27,1,1,1,1,1,1,2,1,2
Север,575,Хлор,Высокая,44,2,1,2,2,1,2,2,1,2
Запад,68,Аммиак,Низкая,56,2,0,2,2,0,2,2,0,0
Восток,62,Метан,Средняя,62,0,0,2,2,0,2,2,0,2
Запад,873,Метан,Высокая,45,2,1,1,2,1,2,2,1,1
Восток,873,Аммиак,Высокая,63,1,1,2,2,2,2,2,1,2
Запад,139,Хлор,Низкая,45,2,1,2,2,1,2,2,1,2
Север,492,Метан,Низкая,72,2,2,2,2,1,2,2,0,0
Север,924,Пропан,Высокая,47,2,1,2,1,1,2,2,1,1
Запад,348,Хлор,Низкая,1,2,2,2,2,2,2,2,2,2
Восток,312,Пропан,Высокая,51,1,1,2,2,2,2,2,0,2
Юг,39,Пропан,Средняя,60,1,1,2,2,1,2,2,2,2
Запад,630,Аммиак,Высокая,12,2,1,1,2,2,2,2,1,1
Север,34,Аммиак,Средняя,3,2,2,2,1,1,1,0,0,0
Юг,743,Пропан,Высокая,68,1,1,2,2,2,2,2,2,2
Север,862,Метан,Высокая,19,2,2,2,1,2,2,2,1,1
Юг,981,Пропан,Низкая,98,1,1,2,2,1,2,2,2,2
Запад,928,Аммиак,Низкая,92,2,1,2,2,1,2,2,1,1
Север,779,Аммиак,Высокая,20,2,2,2,1,2,2,2,1,1
Восток,985,Хлор,Средняя,10,2,2,2,2,2,2,2,2,2
Запад,843,Хлор,Высокая,62,2,2,2,2,2,2,2,2,2
Запад,362,Хлор,Низкая,70,2,2,2,2,2,2,2,2,2
Восток,836,Метан,Средняя,74,1,1,2,2,1,2,2,1,2
Юг,982,Метан,Низкая,96,1,1,2,2,1,2,2,2,2
Север,335,Метан,Низкая,3,2,2,2,1,1,1,0,0,0
Север,448,Метан,Низкая,45,2,1,2,1,1,1,0,1,0
Восток,442,Метан,Средняя,58,0,0,2,2,0,2,2,0,2
Восток,411,Аммиак,Высокая,1,0,0,2,0,2,2,2,0,2
Юг,505,Хлор,Низкая,4,2,2,2,2,2,2,2,2,2
Восток,923,Пропан,Средняя,52,1,1,2,2,1,2,2,1,2
Запад,88,Аммиак,Низкая,17,2,0,0,2,0,0,2,0,0
Восток,485,Аммиак,Низкая,80,0,0,2,2,0,2,2,0,2
Юг,65,Аммиак,Высокая,73,1,1,2,2,2,2,2,2,2
Север,217,Метан,Низкая,84,2,2,2,2,1,2,2,0,0
Запад,366,Пропан,Средняя,64,2,1,2,2,1,2,2,0,0
Юг,35,Пропан,Средняя,61,1,1,2,2,1,2,2,2,2
Запад,336,Пропан,Высокая,1,2,1,1,2,2,2,2,0,0
Запад,262,Метан,Низкая,84,2,0,2,2,0,2,2,0,0
Юг,543,Пропан,Средняя,18,1,1,1,1,1,1,2,2,2
Юг,688,Пропан,Высокая,31,1,1,1,1,1,2,2,1,2
Юг,995,Метан,Низкая,57,1,1,2,2,1,2,2,2,2
Север,136,Хлор,Низкая,85,2,2,2,2,2,2,2,2,2
Запад,384,Аммиак,Низкая,64,2,0,2,2,0,2,2,0,0
Запад,854,Аммиак,Высокая,24,2,1,1,2,1,2,2,1,1
Север,539,Хлор,Высокая,3,2,2,2,2,2,2,2,2,2
Юг,609,Хлор,Средняя,55,2,2,2,2,2,2,2,2,2
Запад,949,Аммиак,Низкая,52,2,1,2,2,1,2,2,1,1
Восток,41,Пропан,Низкая,37,1,1,2,1,1,2,0,1,2
Север,447,Хлор,Высокая,35,2,1,2,2,1,2,2,1,2
Восток,956,Метан,Высокая,35,1,1,2,1,1,2,2,1,2
Восток,579,Хлор,Высокая,11,2,2,2,2,2,2,2,2,2
Восток,693,Метан,Средняя,14,1,1,2,1,1,2,1,1,2
Восток,801,Хлор,Средняя,46,2,1,2,2,1,2,2,1,2
Юг,208,Хлор,Средняя,53,2,2,2,2,2,2,2,2,2
Юг,658,Пропан,Средняя,56,1,1,2,2,1,2,2,2,2
Восток,742,Хлор,Низкая,62,2,2,2,2,2,2,2,2,2
Север,582,Метан,Высокая,64,2,2,2,2,2,2,2,1,1
Восток,259,Метан,Высокая,74,0,0,2,2,2,2,2,0,2
Юг,153,Метан,Низкая,3,1,1,1,0,0,0,2,2,2
Запад,936,Аммиак,Средняя,92,2,1,2,2,1,2,2,1,1
Восток,345,Аммиак,Низкая,69,0,0,2,2,0,2,2,0,2
Юг,331,Пропан,Низкая,63,1,1,2,2,1,2,2,2,2
Восток,233,Хлор,Высокая,31,2,1,2,2,1,2,2,1,2
Север,713,Пропан,Высокая,57,2,2,2,2,2,2,2,1,1
Юг,524,Пропан,Средняя,75,1,1,2,2,1,2,2,2,2
Запад,642,Хлор,Низкая,34,2,1,2,2,1,2,2,1,2
Юг,976,Аммиак,Высокая,34,1,1,1,1,1,2,2,1,2
Юг,646,Хлор,Низкая,82,2,2,2,2,2,2,2,2,2
Восток,769,Метан,Средняя,79,1,1,2,2,1,2,2,1,2
Запад,747,Хлор,Средняя,14,2,2,2,2,2,2,2,2,2
Запад,400,Метан,Средняя,23,2,1,0,2,1,0,2,1,0
Восток,512,Метан,Низкая,6,1,1,2,1,1,2,1,1,2
Юг,1000,Пропан,Средняя,39,1,1,1,1,1,1,2,1,2
Восток,870,Пропан,Высокая,40,1,1,2,1,1,2,2,1,2
Север,925,Хлор,Низкая,65,2,2,2,2,2,2,2,2,2
Север,142,Хлор,Высокая,68,2,2,2,2,2,2,2,2,2
Запад,740,Пропан,Низкая,97,2,1,2,2,1,2,2,1,1
Запад,807,Аммиак,Низкая,72,2,1,2,2,1,2,2,1,1
Юг,610,Хлор,Низкая,38,2,1,2,2,1,2,2,1,2
Восток,567,Хлор,Высокая,45,2,1,2,2,1,2,2,1,2
Север,993,Метан,Средняя,50,2,1,2,1,1,1,1,1,1
Запад,162,Метан,Высокая,62,2,0,2,2,2,2,2,0,0
Запад,502,Пропан,Низкая,76,2,1,2,2,1,2,2,1,1
Север,391,Аммиак,Низкая,53,2,2,2,2,1,2,2,0,0
Запад,424,Пропан,Средняя,12,2,1,1,2,1,0,2,0,0
Запад,34,Метан,Высокая,25,2,1,0,2,1,2,2,1,0
Восток,519,Метан,Высокая,92,1,1,2,2,2,2,2,1,2
Север,118,Метан,Высокая,62,2,2,2,2,2,2,2,0,0
Юг,381,Хлор,Высокая,5,2,2,2,2,2,2,2,2,2
Север,911,Пропан,Низкая,76,2,2,2,2,1,2,2,1,1
Юг,528,Метан,Низкая,16,1,1,1,1,1,1,2,2,2
Север,65,Метан,Низкая,94,2,2,2,2,1,2,2,0,0
Запад,191,Хлор,Низкая,26,2,1,2,2,1,2,2,1,2
Запад,627,Хлор,Средняя,20,2,2,2,2,2,2,2,2,2
Восток,683,Хлор,Низкая,65,2,2,2,2,2,2,2,2,2
Запад,272,Аммиак,Низкая,6,2,0,0,2,0,0,2,0,0
Юг,708,Аммиак,Высокая,89,1,1,2,2,2,2,2,2,2
Восток,830,Пропан,Средняя,49,1,1,2,1,1,2,1,1,2
Запад,219,Пропан,Средняя,77,2,1,2,2,1,2,2,0,0
Юг,970,Аммиак,Низкая,16,1,1,1,1,1,1,2,2,2
Запад,34,Аммиак,Высокая,69,2,0,2,2,2,2,2,0,0
Юг,486,Аммиак,Средняя,21,1,1,1,0,1,0,2,1,2
Север,666,Пропан,Низкая,52,2,2,2,2,1,2,2,1,1
Восток,945,Пропан,Низкая,57,1,1,2,2,1,2,2,1,2
Север,583,Пропан,Высокая,7,2,2,2,1,2,2,2,1,1
Восток,599,Пропан,Высокая,38,1,1,2,1,1,2,2,1,2
Юг,599,Хлор,Низкая,72,2,2,2,2,2,2,2,2,2
Юг,471,Хлор,Высокая,54,2,2,2,2,2,2,2,2,2
Север,152,Пропан,Высокая,46,2,1,2,1,1,2,2,1,0
Запад,762,Пропан,Средняя,38,2,1,1,2,1,1,2,1,1
Юг,709,Хлор,Средняя,82,2,2,2,2,2,2,2,2,2
Юг,588,Аммиак,Высокая,100,1,1,2,2,2,2,2,2,2
Юг,406,Пропан,Высокая,22,1,1,1,1,1,2,2,1,2
Север,383,Метан,Высокая,38,2,1,2,1,1,2,2,1,0
Север,449,Пропан,Низкая,21,2,1,2,1,1,1,0,1,0
Север,653,Пропан,Средняя,29,2,1,2,1,1,1,1,1,1
Юг,623,Метан,Низкая,78,1,1,2,2,1,2,2,2,2
Восток,651,Хлор,Средняя,47,2,1,2,2,1,2,2,1,2
Восток,307,Хлор,Средняя,43,2,1,2,2,1,2,2,1,2
Юг,105,Пропан,Средняя,7,1,1,1,1,1,0,2,2,2
Восток,135,Хлор,Низкая,59,2,2,2,2,2,2,2,2,2
Юг,59,Метан,Высокая,64,1,1,2,2,2,2,2,2,2
Север,189,Метан,Низкая,19,2,2,2,1,1,1,0,0,0
Восток,282,Пропан,Высокая,1,1,1,2,1,2,2,2,0,2
Юг,290,Метан,Высокая,11,1,1,1,0,2,2,2,2,2
Запад,472,Метан,Низкая,62,2,0,2,2,0,2,2,0,0
Север,947,Хлор,Высокая,99,2,2,2,2,2,2,2,2,2
Север,306,Аммиак,Низкая,90,2,2,2,2,1,2,2,0,0
Запад,489,Хлор,Высокая,16,2,2,2,2,2,2,2,2,2
Восток,845,Хлор,Низкая,76,2,2,2,2,2,2,2,2,2
Север,999,Хлор,Высокая,31,2,1,2,2,1,2,2,1,2
Восток,398,Пропан,Низкая,92,1,1,2,2,1,2,2,0,2
Юг,588,Хлор,Средняя,3,2,2,2,2,2,2,2,2,2
Восток,304,Метан,Средняя,14,0,0,2,0,0,2,0,0,2
Запад,159,Метан,Низкая,81,2,0,2,2,0,2,2,0,0
Запад,677,Пропан,Высокая,27,2,1,1,2,1,2,2,1,1
Север,209,Пропан,Средняя,64,2,2,2,2,1,2,2,0,0
Восток,884,Метан,Высокая,17,1,1,2,1,2,2,2,1,2
Юг,939,Пропан,Высокая,85,1,1,2,2,2,2,2,2,2
Восток,951,Аммиак,Средняя,55,1,1,2,2,1,2,2,1,2
Восток,501,Пропан,Низкая,18,1,1,2,1,1,2,1,1,2
Восток,385,Хлор,Средняя,100,2,2,2,2,2,2,2,2,2
Север,816,Пропан,Низкая,92,2,2,2,2,1,2,2,1,1
Юг,26,Метан,Средняя,14,1,1,1,0,0,0,2,2,2
Север,741,Хлор,Средняя,90,2,2,2,2,2,2,2,2,2
Юг,868,Пропан,Средняя,45,1,1,1,1,1,1,2,1,2
Запад,566,Аммиак,Низкая,26,2,1,1,2,1,1,2,1,1
Запад,778,Хлор,Низкая,92,2,2,2,2,2,2,2,2,2
Север,635,Пропан,Высокая,61,2,2,2,2,2,2,2,1,1
Юг,312,Аммиак,Низкая,90,1,1,2,2,0,2,2,2,2
Юг,526,Пропан,Низкая,85,1,1,2,2,1,2,2,2,2
Юг,286,Хлор,Средняя,75,2,2,2,2,2,2,2,2,2
Юг,455,Пропан,Средняя,35,1,1,1,1,1,0,2,1,2
Запад,785,Аммиак,Средняя,45,2,1,1,2,1,1,2,1,1
Север,888,Хлор,Низкая,13,2,2,2,2,2,2,2,2,2
Юг,655,Аммиак,Средняя,92,1,1,2,2,1,2,2,2,2
Север,148,Аммиак,Средняя,34,2,1,2,1,1,1,0,1,0
Юг,882,Аммиак,Низкая,85,1,1,2,2,1,2,2,2,2
Север,798,Аммиак,Средняя,56,2,2,2,2,1,2,2,1,1
Юг,833,Метан,Низкая,44,1,1,1,1,1,1,2,1,2
Восток,772,Метан,Высокая,8,1,1,2,1,2,2,2,1,2
Север,767,Аммиак,Средняя,65,2,2,2,2,1,2,2,1,1
Юг,185,Хлор,Высокая,52,2,2,2,2,2,2,2,2,2
Север,554,Аммиак,Средняя,92,2,2,2,2,1,2,2,1,1
Юг,32,Хлор,Средняя,94,2,2,2,2,2,2,2,2,2
Восток,904,Аммиак,Средняя,35,1,1,2,1,1,2,1,1,2
Запад,481,Метан,Высокая,56,2,0,2,2,2,2,2,0,0
Запад,784,Метан,Низкая,6,2,1,1,2,1,1,2,1,1
Север,513,Метан,Низкая,83,2,2,2,2,1,2,2,1,1
Север,501,Метан,Высокая,27,2,1,2,1,1,2,2,1,1
Запад,665,Метан,Средняя,48,2,1,1,2,1,1,2,1,1
Запад,486,Метан,Низкая,71,2,0,2,2,0,2,2,0,0
Восток,171,Метан,Высокая,80,0,0,2,2,2,2,2,0,2
Восток,163,Аммиак,Средняя,45,0,1,2,0,1,2,0,1,2
Запад,245,Метан,Средняя,70,2,0,2,2,0,2,2,0,0
Север,601,Аммиак,Средняя,56,2,2,2,2,1,2,2,1,1
Юг,327,Пропан,Средняя,19,1,1,1,1,1,0,2,2,2
Запад,406,Аммиак,Высокая,73,2,0,2,2,2,2,2,0,0
Север,454,Метан,Средняя,88,2,2,2,2,1,2,2,0,0
Север,221,Хлор,Низкая,7,2,2,2,2,2,2,2,2,2
Юг,952,Метан,Средняя,60,1,1,2,2,1,2,2,2,2
Север,667,Аммиак,Высокая,20,2,2,2,1,2,2,2,1,1
Север,339,Метан,Средняя,79,2,2,2,2,1,2,2,0,0
Запад,132,Метан,Низкая,100,2,0,2,2,0,2,2,0,0
Восток,342,Пропан,Средняя,46,1,1,2,1,1,2,0,1,2
Запад,205,Пропан,Высокая,20,2,1,1,2,2,2,2,0,0
Север,720,Пропан,Низкая,41,2,1,2,1,1,1,1,1,1
Юг,161,Пропан,Низкая,1,1,1,1,1,1,0,2,2,2
Восток,721,Пропан,Высокая,5,1,1,2,1,2,2,2,1,2
Север,561,Аммиак,Низкая,81,2,2,2,2,1,2,2,1,1
Восток,564,Пропан,Низкая,99,1,1,2,2,1,2,2,1,2
Запад,698,Пропан,Низкая,18,2,1,1,2,1,1,2,1,1
Юг,664,Хлор,Низкая,98,2,2,2,2,2,2,2,2,2
Север,564,Аммиак,Низкая,69,2,2,2,2,1,2,2,1,1
Восток,276,Хлор,Высокая,33,2,1,2,2,1,2,2,1,2
Север,653,Хлор,Средняя,45,2,1,2,2,1,2,2,1,2
Запад,335,Хлор,Низкая,49,2,1,2,2,1,2,2,1,2
Восток,109,Метан,Высокая,56,0,0,2,2,2,2,2,0,2
Восток,864,Метан,Средняя,88,1,1,2,2,1,2,2,1,2
Восток,566,Пропан,Низкая,71,1,1,2,2,1,2,2,1,2
Север,39,Хлор,Высокая,55,2,2,2,2,2,2,2,2,2
Запад,893,Аммиак,Средняя,6,2,1,1,2,1,1,2,1,1
Запад,931,Метан,Средняя,32,2,1,1,2,1,1,2,1,1
Запад,678,Метан,Средняя,57,2,1,2,2,1,2,2,1,1
Восток,210,Хлор,Средняя,4,2,2,2,2,2,2,2,2,2
Север,367,Пропан,Средняя,33,2,1,2,1,1,1,0,1,0
Запад,515,Аммиак,Низкая,66,2,1,2,2,1,2,2,1,1
Запад,415,Метан,Средняя,73,2,0,2,2,0,2,2,0,0
Юг,604,Хлор,Низкая,34,2,1,2,2,1,2,2,1,2
Юг,737,Аммиак,Низкая,69,1,1,2,2,1,2,2,2,2
Юг,436,Хлор,Средняя,20,2,2,2,2,2,2,2,2,2
Восток,810,Аммиак,Средняя,53,1,1,2,2,1,2,2,1,2
Восток,341,Аммиак,Низкая,19,0,0,2,0,0,2,0,0,2
Восток,675,Хлор,Низкая,57,2,2,2,2,2,2,2,2,2
Юг,939,Хлор,Низкая,42,2,1,2,2,1,2,2,1,2
Восток,870,Аммиак,Низкая,93,1,1,2,2,1,2,2,1,2
Север,389,Метан,Низкая,71,2,2,2,2,1,2,2,0,0
Запад,362,Пропан,Высокая,29,2,1,1,2,1,2,2,1,0
Восток,903,Аммиак,Высокая,42,1,1,2,1,1,2,2,1,2
Восток,113,Пропан,Средняя,30,1,1,2,1,1,2,0,1,2
Юг,447,Пропан,Высокая,96,1,1,2,2,2,2,2,2,2
Юг,473,Аммиак,Высокая,81,1,1,2,2,2,2,2,2,2
Запад,373,Пропан,Низкая,13,2,1,1,2,1,0,2,0,0
Запад,257,Пропан,Средняя,46,2,1,1,2,1,0,2,1,0
Запад,986,Метан,Высокая,33,2,1,1,2,1,2,2,1,1
Юг,108,Пропан,Высокая,46,1,1,1,1,1,2,2,1,2
Запад,22,Метан,Высокая,90,2,0,2,2,2,2,2,0,0
Восток,75,Хлор,Высокая,78,2,2,2,2,2,2,2,2,2
Север,790,Метан,Средняя,11,2,2,2,1,1,1,1,1,1
Запад,308,Аммиак,Высокая,20,2,0,0,2,2,2,2,0,0
Восток,661,Аммиак,Низкая,35,1,1,2,1,1,2,1,1,2
Запад,449,Аммиак,Средняя,33,2,1,0,2,1,0,2,1,0
Север,870,Аммиак,Высокая,20,2,2,2,1,2,2,2,1,1
Запад,116,Аммиак,Средняя,10,2,0,0,2,0,0,2,0,0
Восток,657,Метан,Низкая,74,1,1,2,2,1,2,2,1,2
Восток,928,Пропан,Низкая,81,1,1,2,2,1,2,2,1,2
Север,361,Метан,Низкая,36,2,1,2,1,1,1,0,1,0
Север,870,Хлор,Средняя,9,2,2,2,2,2,2,2,2,2
Юг,894,Пропан,Низкая,46,1,1,1,1,1,1,2,1,2
Юг,478,Аммиак,Средняя,11,1,1,1,0,0,0,2,2,2
Восток,284,Хлор,Низкая,65,2,2,2,2,2,2,2,2,2
Север,528,Пропан,Высокая,40,2,1,2,1,1,2,2,1,1
Восток,30,Пропан,Средняя,5,1,1,2,1,1,2,0,0,2
Восток,735,Пропан,Низкая,4,1,1,2,1,1,2,1,1,2
Север,688,Метан,Низкая,31,2,1,2,1,1,1,1,1,1
Восток,827,Аммиак,Низкая,100,1,1,2,2,1,2,2,1,2
Север,523,Аммиак,Средняя,55,2,2,2,2,1,2,2,1,1
Восток,670,Метан,Средняя,71,1,1,2,2,1,2,2,1,2
Восток,116,Хлор,Высокая,30,2,1,2,2,1,2,2,1,2
Запад,873,Хлор,Средняя,99,2,2,2,2,2,2,2,2,2
Запад,280,Хлор,Средняя,5,2,2,2,2,2,2,2,2,2
Запад,761,Метан,Средняя,92,2,1,2,2,1,2,2,1,1
Запад,626,Метан,Высокая,70,2,1,2,2,2,2,2,1,1
Юг,295,Аммиак,Высокая,100,1,1,2,2,2,2,2,2,2
Север,631,Аммиак,Низкая,19,2,2,2,1,1,1,1,1,1
Север,111,Хлор,Средняя,99,2,2,2,2,2,2,2,2,2
Юг,938,Пропан,Средняя,64,1,1,2,2,1,2,2,2,2
Юг,791,Аммиак,Высокая,9,1,1,1,1,2,2,2,2,2
Восток,369,Метан,Высокая,97,0,0,2,2,2,2,2,0,2
Восток,424,Аммиак,Низкая,47,0,1,2,0,1,2,0,1,2
Запад,472,Метан,Низкая,79,2,0,2,2,0,2,2,0,0
Север,116,Метан,Высокая,36,2,1,2,1,1,2,2,1,0
Север,345,Хлор,Средняя,61,2,2,2,2,2,2,2,2,2
Восток,226,Пропан,Низкая,63,1,1,2,2,1,2,2,0,2
Север,336,Аммиак,Высокая,15,2,2,2,1,2,2,2,0,0
Восток,863,Аммиак,Низкая,13,1,1,2,1,1,2,1,1,2
Юг,210,Метан,Высокая,13,1,1,1,0,2,2,2,2,2
Север,972,Хлор,Высокая,97,2,2,2,2,2,2,2,2,2
Юг,595,Метан,Высокая,86,1,1,2,2,2,2,2,2,2
Север,194,Метан,Средняя,65,2,2,2,2,1,2,2,0,0
Восток,359,Аммиак,Средняя,94,0,0,2,2,0,2,2,0,2
Север,303,Пропан,Низкая,54,2,2,2,2,1,2,2,0,0
Юг,883,Аммиак,Средняя,30,1,1,1,1,1,1,2,1,2
Юг,590,Пропан,Средняя,23,1,1,1,1,1,1,2,1,2
Запад,873,Метан,Низкая,11,2,1,1,2,1,1,2,1,1
Север,603,Метан,Средняя,56,2,2,2,2,1,2,2,1,1
Запад,970,Аммиак,Низкая,29,2,1,1,2,1,1,2,1,1
Юг,515,Метан,Высокая,78,1,1,2,2,2,2,2,2,2
Север,882,Хлор,Высокая,72,2,2,2,2,2,2,2,2,2
Север,151,Аммиак,Низкая,15,2,2,2,1,1,1,0,0,0
Север,900,Метан,Средняя,28,2,1,2,1,1,1,1,1,1
Восток,995,Метан,Средняя,72,1,1,2,2,1,2,2,1,2
Запад,222,Хлор,Средняя,47,2,1,2,2,1,2,2,1,2
Восток,78,Пропан,Средняя,35,1,1,2,1,1,2,0,1,2
Юг,395,Метан,Высокая,36,1,1,1,0,1,2,2,1,2
Запад,841,Аммиак,Низкая,78,2,1,2,2,1,2,2,1,1
Восток,690,Аммиак,Высокая,88,1,1,2,2,2,2,2,1,2
Запад,610,Аммиак,Средняя,85,2,1,2,2,1,2,2,1,1
